timesteps_per_sequence_N,m,num_of_epochs,batch_size_b,learning_rate,input_size,hidden_size,number_of_layers,output_size,r2_train_scaled,r2_val_scaled,r2_test_scaled,mse_train_scaled,mse_val_scaled,mse_test_scaled,r2_train,r2_val,r2_test,mse_train,mse_val,mse_test,mse_mean,mse_std,time_training,mse_num_of_last_steps,num_of_iterations,id,weighted,architecture,training_type,device,scaler
100,0,400,100,0.0001,1,8,1,1,99.76,99.78,99.71,0.002419138327240944,0.002266497351229191,0.00291129807010293,99.76,99.78,99.71,7.228843969642185e-06,6.772723736503394e-06,8.699509635334834e-06,0.1446947030723095,0.014473036061819343,101.72,100,79600,2025_12_01-19_53_05,no,LSTM,stateless,cuda,StandardScaler
100,5,400,100,0.0001,1,8,1,1,99.77,99.8,99.71,0.002309725619852543,0.002128452528268099,0.00288883363828063,99.77,99.8,99.71,6.9018974500068e-06,6.3602192312828265e-06,8.632381650386378e-06,0.10792119115591049,0.010800064232331057,104.43,100,79600,2025_12_01-19_53_05,no,LSTM,stateless,cuda,StandardScaler
100,10,400,100,0.0001,1,8,1,1,99.78,99.81,99.72,0.0022013315465301275,0.002020185813307762,0.0028133303858339787,99.78,99.81,99.72,6.5779954638856e-06,6.0366978686943185e-06,8.40676420921227e-06,0.08094596810638904,0.008123080067617769,97.85,100,79600,2025_12_01-19_53_05,no,LSTM,stateless,cuda,StandardScaler
100,16,400,100,0.0001,1,8,1,1,99.81,99.83,99.74,0.0019305308815091848,0.001782712759450078,0.0026099232491105795,99.81,99.83,99.74,5.768792107119225e-06,5.3270837270247284e-06,7.798944352543913e-06,0.05787513595074415,0.005887947334806721,97.27,100,79600,2025_12_01-19_53_05,no,LSTM,stateless,cuda,StandardScaler
100,21,400,100,0.0001,1,8,1,1,99.84,99.86,99.76,0.001615492976270616,0.0014951328048482537,0.002370801754295826,99.84,99.86,99.76,4.827399152418366e-06,4.467739927349612e-06,7.08440393282217e-06,0.044047149159014226,0.004492240838766014,94.74,100,79600,2025_12_01-19_53_05,no,LSTM,stateless,cuda,StandardScaler
100,26,400,100,0.0001,1,8,1,1,99.87,99.88,99.79,0.0013054015580564737,0.0012001392897218466,0.0021224175579845905,99.87,99.88,99.79,3.90078730561072e-06,3.586243792597088e-06,6.342186225083424e-06,0.03366098847240209,0.0034286091247339727,98.04,100,79600,2025_12_01-19_53_05,no,LSTM,stateless,cuda,StandardScaler
100,31,400,100,0.0001,1,8,1,1,99.9,99.91,99.81,0.0010039790067821741,0.0009575203876011074,0.0019080169731751084,99.9,99.91,99.81,3.0000794595252955e-06,2.8612523692572722e-06,5.701516329281731e-06,0.025812202617526054,0.002612422367598597,109.79,100,79600,2025_12_01-19_53_05,no,LSTM,stateless,cuda,StandardScaler
100,36,400,100,0.0001,1,8,1,1,99.92,99.92,99.81,0.0008168762433342636,0.0008518332615494728,0.001811445807106793,99.92,99.92,99.81,2.4409807792835636e-06,2.5454389742662897e-06,5.412944119598251e-06,0.019866973934695123,0.002004421824857438,105.74,100,79600,2025_12_01-19_53_05,no,LSTM,stateless,cuda,StandardScaler
100,42,400,100,0.0001,1,8,1,1,99.92,99.91,99.81,0.0008119655540212989,0.0009050254593603313,0.0018465194152668118,99.92,99.91,99.81,2.4263067643914837e-06,2.7043879526900128e-06,5.517749741557054e-06,0.014606515625491739,0.0015136852179495172,100.85,100,79600,2025_12_01-19_53_05,no,LSTM,stateless,cuda,StandardScaler
100,47,400,100,0.0001,1,8,1,1,99.92,99.92,99.82,0.0007473579607903957,0.0008570762583985925,0.0017397687770426273,99.92,99.92,99.82,2.2332469598040916e-06,2.5611061573727056e-06,5.198759026825428e-06,0.01138508165255189,0.0012013474786055445,95.1,100,79600,2025_12_01-19_53_05,no,LSTM,stateless,cuda,StandardScaler
100,52,400,100,0.0001,1,8,1,1,99.93,99.92,99.83,0.0006833428633399308,0.0007930208230391145,0.0016640541143715382,99.93,99.92,99.83,2.0419579414010514e-06,2.3696961761743296e-06,4.972509486833587e-06,0.008974493681453168,0.0009677356743873979,92.75,100,79600,2025_12_01-19_53_05,no,LSTM,stateless,cuda,StandardScaler
100,57,400,100,0.0001,1,8,1,1,99.94,99.93,99.84,0.0006281135720200837,0.0007393045234493911,0.0016031097620725632,99.94,99.93,99.84,1.8769222833725507e-06,2.2091824121162063e-06,4.7903945414873306e-06,0.007134802117943764,0.0007802096504457752,89.4,100,79600,2025_12_01-19_53_05,no,LSTM,stateless,cuda,StandardScaler
100,63,400,100,0.0001,1,8,1,1,99.94,99.93,99.84,0.0005650689709000289,0.0006687988061457872,0.0015174350701272488,99.94,99.93,99.84,1.6885328477656003e-06,1.998497282329481e-06,4.534383606369374e-06,0.005467884386889637,0.0006234011547990409,98.8,100,79600,2025_12_01-19_53_05,no,LSTM,stateless,cuda,StandardScaler
100,68,400,100,0.0001,1,8,1,1,99.95,99.94,99.85,0.0005225311615504324,0.0006229799473658204,0.0014548286562785506,99.95,99.94,99.85,1.5614220956194913e-06,1.8615819499245845e-06,4.34730418419349e-06,0.0044385697506368164,0.0005352630537197807,101.12,100,79600,2025_12_01-19_53_05,no,LSTM,stateless,cuda,StandardScaler
100,73,400,100,0.0001,1,8,1,1,99.95,99.94,99.86,0.0005047920858487487,0.0005982246366329491,0.0014143652515485883,99.95,99.94,99.86,1.5084143569765729e-06,1.7876085394163965e-06,4.226390501571586e-06,0.0036376447114162148,0.00046671937494879417,96.87,100,79600,2025_12_01-19_53_05,no,LSTM,stateless,cuda,StandardScaler
100,78,400,100,0.0001,1,8,1,1,99.95,99.94,99.86,0.0005263391649350524,0.0006208695122040808,0.0014252493856474757,99.95,99.94,99.86,1.5728010112070478e-06,1.8552757410361664e-06,4.258915396349039e-06,0.003014516313560307,0.00039935052857514056,96.84,100,79600,2025_12_01-19_53_05,no,LSTM,stateless,cuda,StandardScaler
100,83,400,100,0.0001,1,8,1,1,99.95,99.94,99.85,0.0005435894709080458,0.0006412958609871566,0.001438079052604735,99.95,99.94,99.85,1.624348442419432e-06,1.9163135220878758e-06,4.297253326512873e-06,0.002511246637441218,0.0003282350950214877,98.94,100,79600,2025_12_01-19_53_05,no,LSTM,stateless,cuda,StandardScaler
100,89,400,100,0.0001,1,8,1,1,99.95,99.94,99.86,0.00048078561667352915,0.0005924144061282277,0.0014140733983367682,99.95,99.94,99.86,1.4366785308084218e-06,1.7702461718727136e-06,4.225519205647288e-06,0.002044208524748683,0.000261422326573702,97.78,100,79600,2025_12_01-19_53_05,no,LSTM,stateless,cuda,StandardScaler
100,94,400,100,0.0001,1,8,1,1,99.96,99.95,99.86,0.000419251446146518,0.0005518497200682759,0.0014209271175786853,99.96,99.95,99.86,1.2528028037195327e-06,1.649031446504523e-06,4.2459996620891616e-06,0.0017377434216905385,0.00022810117369376513,99.22,100,79600,2025_12_01-19_53_05,no,LSTM,stateless,cuda,StandardScaler
100,99,400,100,0.0001,1,8,1,1,99.8,99.81,99.58,0.0019988459534943104,0.0019022647757083178,0.004123576916754246,99.8,99.81,99.58,5.972930011921562e-06,5.684327334165573e-06,1.2322028851485811e-05,0.0017079616920091213,0.0003131530271732447,98.76,100,79600,2025_12_01-19_53_05,no,LSTM,stateless,cuda,StandardScaler
200,0,400,100,0.0001,1,8,1,1,99.95,99.94,99.86,0.000502604350913316,0.0005917864036746323,0.0013975610490888357,99.95,99.94,99.86,1.501876909060229e-06,1.7683699979897938e-06,4.176177753834054e-06,0.07263535063713789,0.007965771720985022,101.31,100,79200,2025_12_01-20_26_08,no,LSTM,stateless,cuda,StandardScaler
200,5,400,100,0.0001,1,8,1,1,99.95,99.94,99.85,0.0005113836959935725,0.000565746275242418,0.001456149504519999,99.95,99.94,99.85,1.5281115111065446e-06,1.6905568145375582e-06,4.3512518459465355e-06,0.05286795929074287,0.005756323470752951,101.89,100,79200,2025_12_01-20_26_08,no,LSTM,stateless,cuda,StandardScaler
200,10,400,100,0.0001,1,8,1,1,99.95,99.95,99.85,0.0004941317019984126,0.0005411262391135097,0.00144620006904006,99.95,99.95,99.85,1.4765590776733006e-06,1.616987788111146e-06,4.3215200093982276e-06,0.038637208808213475,0.00418682135968531,102.62,100,79200,2025_12_01-20_26_08,no,LSTM,stateless,cuda,StandardScaler
200,16,400,100,0.0001,1,8,1,1,99.95,99.95,99.85,0.0004734745598398149,0.0005182849708944559,0.0014308177633211017,99.95,99.95,99.85,1.4148315585771343e-06,1.5487335076613817e-06,4.275554601917975e-06,0.02673210181295872,0.002950884091829312,103.3,100,79200,2025_12_01-20_26_08,no,LSTM,stateless,cuda,StandardScaler
200,21,400,100,0.0001,1,8,1,1,99.95,99.95,99.86,0.0004607990267686546,0.0005026106955483556,0.0014180323341861367,99.95,99.95,99.86,1.3769548559139366e-06,1.5018958947621286e-06,4.237349457980599e-06,0.019742093849927186,0.0022124828888402067,106.26,100,79200,2025_12_01-20_26_08,no,LSTM,stateless,cuda,StandardScaler
200,26,400,100,0.0001,1,8,1,1,99.96,99.95,99.86,0.00042586540803313255,0.000482061441289261,0.0013754209503531456,99.96,99.95,99.86,1.2725662372758961e-06,1.4404907915377407e-06,4.110018380742986e-06,0.014596425509080291,0.001652031440255451,100.17,100,79200,2025_12_01-20_26_08,no,LSTM,stateless,cuda,StandardScaler
200,31,400,100,0.0001,1,8,1,1,99.96,99.95,99.86,0.00040595015161670744,0.00047911537694744766,0.0013600181555375457,99.96,99.95,99.86,1.2130558388889767e-06,1.4316875649456051e-06,4.063992037117714e-06,0.01080190034583211,0.0012253254466850023,105.04,100,79200,2025_12_01-20_26_08,no,LSTM,stateless,cuda,StandardScaler
200,36,400,100,0.0001,1,8,1,1,99.96,99.95,99.86,0.0004218916001264006,0.0005212597316130996,0.0013573148753494024,99.96,99.95,99.86,1.2606921018232242e-06,1.5576227951896726e-06,4.055913905176567e-06,0.008012469657696784,0.0009095021043718924,100.33,100,79200,2025_12_01-20_26_08,no,LSTM,stateless,cuda,StandardScaler
200,42,400,100,0.0001,1,8,1,1,99.96,99.95,99.86,0.0004023588262498379,0.0005025785067118704,0.0013376119313761592,99.96,99.95,99.86,1.202324256155407e-06,1.5017999430710915e-06,3.997037765657296e-06,0.005613852986134589,0.0006420363900198412,98.12,100,79200,2025_12_01-20_26_08,no,LSTM,stateless,cuda,StandardScaler
200,47,400,100,0.0001,1,8,1,1,99.96,99.95,99.86,0.0003815452510025352,0.0004814347776118666,0.00132850487716496,99.96,99.95,99.86,1.1401294841562049e-06,1.4386185966941412e-06,3.969823410443496e-06,0.0042017454863525925,0.0004915925692102382,107.11,100,79200,2025_12_01-20_26_08,no,LSTM,stateless,cuda,StandardScaler
200,52,400,100,0.0001,1,8,1,1,99.96,99.96,99.87,0.00035718895378522575,0.0004552784957922995,0.0013084316160529852,99.96,99.96,99.87,1.0673481938283658e-06,1.3604582136395038e-06,3.9098417801142205e-06,0.0031571264727972446,0.0003725425004041489,98.97,100,79200,2025_12_01-20_26_08,no,LSTM,stateless,cuda,StandardScaler
200,57,400,100,0.0001,1,8,1,1,99.97,99.96,99.87,0.0003484819026198238,0.00044442323269322515,0.001300714211538434,99.97,99.96,99.87,1.041329710460559e-06,1.3280210851007723e-06,3.886781087203417e-06,0.0023830275947693737,0.00028282649558691045,108.03,100,79200,2025_12_01-20_26_08,no,LSTM,stateless,cuda,StandardScaler
200,63,400,100,0.0001,1,8,1,1,99.97,99.96,99.87,0.0003319545940030366,0.0004264998424332589,0.0012898329878225923,99.97,99.96,99.87,9.919432386595872e-07,1.2744623063554172e-06,3.854265287372982e-06,0.0017071853787638247,0.0002019364129261671,95.29,100,79200,2025_12_01-20_26_08,no,LSTM,stateless,cuda,StandardScaler
200,68,400,100,0.0001,1,8,1,1,99.97,99.96,99.87,0.0003227251290809363,0.00041982735274359584,0.0012887462507933378,99.97,99.96,99.87,9.643636076361872e-07,1.2545236813821248e-06,3.851017936540302e-06,0.001306122345267795,0.00015804390973606785,95.3,100,79200,2025_12_01-20_26_08,no,LSTM,stateless,cuda,StandardScaler
200,73,400,100,0.0001,1,8,1,1,99.97,99.96,99.87,0.00031223674886859953,0.0004147118597757071,0.0012882370501756668,99.97,99.96,99.87,9.330225338999298e-07,1.2392375765557517e-06,3.849495442409534e-06,0.001007731541758403,0.00012415014383855251,101.65,100,79200,2025_12_01-20_26_08,no,LSTM,stateless,cuda,StandardScaler
200,78,400,100,0.0001,1,8,1,1,99.97,99.96,99.87,0.0003025192127097398,0.0004128654836677015,0.0012949344236403704,99.97,99.96,99.87,9.03984528122237e-07,1.2337203543211217e-06,3.869509328069398e-06,0.0007818696030881256,9.641041599582226e-05,98.46,100,79200,2025_12_01-20_26_08,no,LSTM,stateless,cuda,StandardScaler
200,83,400,100,0.0001,1,8,1,1,99.97,99.96,99.87,0.00028740501147694886,0.00040568524855189025,0.0012979782186448574,99.97,99.96,99.87,8.588206696913403e-07,1.2122642374379211e-06,3.878605184581829e-06,0.0006075687249540351,7.474535671020547e-05,95.66,100,79200,2025_12_01-20_26_08,no,LSTM,stateless,cuda,StandardScaler
200,89,400,100,0.0001,1,8,1,1,99.97,99.96,99.87,0.000294694269541651,0.00042704070801846683,0.0013286207104101777,99.97,99.96,99.87,8.80602215147519e-07,1.2760785921273055e-06,3.970170837419573e-06,0.0004535125257098116,5.6882212653948645e-05,95.33,100,79200,2025_12_01-20_26_08,no,LSTM,stateless,cuda,StandardScaler
200,94,400,100,0.0001,1,8,1,1,99.97,99.96,99.86,0.00029675010591745377,0.00044113717740401626,0.0013471856946125627,99.97,99.96,99.86,8.867455676409008e-07,1.31820127080573e-06,4.025645921501564e-06,0.0003584296823828481,4.5768010931556786e-05,100.7,100,79200,2025_12_01-20_26_08,no,LSTM,stateless,cuda,StandardScaler
200,99,400,100,0.0001,1,8,1,1,99.97,99.96,99.86,0.0002860202803276479,0.00043688828009180725,0.0013498349580913782,99.97,99.96,99.86,8.546827530153678e-07,1.3055046110821422e-06,4.033563072880497e-06,0.0002879967489570845,3.7220406950852796e-05,99.29,100,79200,2025_12_01-20_26_08,no,LSTM,stateless,cuda,StandardScaler
200,110,400,100,0.0001,1,8,1,1,99.97,99.96,99.86,0.00025182461831718683,0.00038473974564112723,0.0013565688859671354,99.97,99.96,99.86,7.524996021857078e-07,1.1496751994855003e-06,4.0536847336625215e-06,0.0001873126944701653,2.3352463273022635e-05,100.28,100,79200,2025_12_01-20_26_08,no,LSTM,stateless,cuda,StandardScaler
200,120,400,100,0.0001,1,8,1,1,99.98,99.98,99.86,0.0001848254178185016,0.00025252121849916875,0.0013388183433562517,99.98,99.98,99.86,5.522933292922971e-07,7.545812650278094e-07,4.000642547907773e-06,0.00014102007051405963,1.853283693662573e-05,94.12,100,79200,2025_12_01-20_26_08,no,LSTM,stateless,cuda,StandardScaler
200,130,400,100,0.0001,1,8,1,1,99.99,99.99,99.85,0.00013607475557364523,0.0001137674116762355,0.0015158199239522219,99.99,99.99,99.85,4.066171186423162e-07,3.3995851822510303e-07,4.529557827481767e-06,0.0001215354787564138,1.8911797999198007e-05,99.8,100,79200,2025_12_01-20_26_08,no,LSTM,stateless,cuda,StandardScaler
200,140,400,100,0.0001,1,8,1,1,99.98,99.99,99.79,0.00017741213378030807,9.86401573754847e-05,0.002068762667477131,99.98,99.99,99.79,5.301410510583082e-07,2.94755409413483e-07,6.181855496834032e-06,0.00010914230624621268,1.5790583256552356e-05,106.34,100,79200,2025_12_01-20_26_08,no,LSTM,stateless,cuda,StandardScaler
200,150,400,100,0.0001,1,8,1,1,99.97,99.98,99.72,0.0002821772650349885,0.0002152674423996359,0.002762956079095602,99.97,99.98,99.72,8.43198961320013e-07,6.432597956518293e-07,8.25623737910064e-06,0.00010166010979446582,1.5024263019525817e-05,92.61,100,79200,2025_12_01-20_26_08,no,LSTM,stateless,cuda,StandardScaler
200,159,400,100,0.0001,1,8,1,1,99.96,99.96,99.64,0.0004342314787209034,0.00043485802598297596,0.003529788227751851,99.96,99.96,99.64,1.2975659728908795e-06,1.299438167734479e-06,1.0547675628913566e-05,9.548380854539574e-05,1.3636005874881085e-05,103.14,100,79200,2025_12_01-20_26_08,no,LSTM,stateless,cuda,StandardScaler
200,169,400,100,0.0001,1,8,1,1,99.94,99.93,99.55,0.0006389394984580576,0.0007688426412642002,0.00442868797108531,99.94,99.93,99.55,1.909272441480425e-06,2.2974475086812163e-06,1.3233758181740995e-05,9.019475335662719e-05,1.2968852567301927e-05,99.49,100,79200,2025_12_01-20_26_08,no,LSTM,stateless,cuda,StandardScaler
200,179,400,100,0.0001,1,8,1,1,99.91,99.88,99.44,0.0009154718136414886,0.0012261351803317666,0.005535169038921595,99.91,99.88,99.44,2.735602947723237e-06,3.6639239624491893e-06,1.6540136130061e-05,8.779879048233852e-05,1.4531267586974e-05,101.68,100,79200,2025_12_01-20_26_08,no,LSTM,stateless,cuda,StandardScaler
200,189,400,100,0.0001,1,8,1,1,99.88,99.83,99.32,0.0012093159602954984,0.0017925199354067445,0.006769190076738596,99.88,99.83,99.32,3.613665057855542e-06,5.356388555810554e-06,2.0227620552759618e-05,9.472325684328097e-05,2.06341988123044e-05,98.52,100,79200,2025_12_01-20_26_08,no,LSTM,stateless,cuda,StandardScaler
200,199,400,100,0.0001,1,8,1,1,99.81,99.68,99.17,0.001872644410468638,0.0033252891153097153,0.008272197097539902,99.81,99.68,99.17,5.595817128778435e-06,9.936592505255248e-06,2.47188909270335e-05,0.00014023400566657074,6.381261269644929e-05,103.27,100,79200,2025_12_01-20_26_08,no,LSTM,stateless,cuda,StandardScaler
500,0,400,100,0.0001,1,8,1,1,99.97,99.96,99.88,0.0002974991803057492,0.0003838165139313787,0.0012146318331360817,99.97,99.96,99.88,8.889840046322206e-07,1.1469164746813476e-06,3.6295502923167078e-06,0.028905425425618886,0.0030598582874574046,131.16,100,78000,2025_12_01-21_16_30,no,LSTM,stateless,cuda,StandardScaler
500,5,400,100,0.0001,1,8,1,1,99.97,99.97,99.88,0.00029061807435937226,0.0003460702137090266,0.001229866174980998,99.97,99.97,99.88,8.684218073540251e-07,1.0341233291910612e-06,3.675072548503522e-06,0.02075666779652238,0.0021977426516537,124.07,100,78000,2025_12_01-21_16_30,no,LSTM,stateless,cuda,StandardScaler
500,10,400,100,0.0001,1,8,1,1,99.97,99.97,99.88,0.00028451313846744597,0.00033660660847090185,0.001228820183314383,99.97,99.97,99.88,8.501791626258637e-07,1.00584418305516e-06,3.671947069960879e-06,0.014953044783324003,0.0015824235170953415,119.89,100,78000,2025_12_01-21_16_30,no,LSTM,stateless,cuda,StandardScaler
500,16,400,100,0.0001,1,8,1,1,99.97,99.97,99.88,0.00028152100276201963,0.0003449190116953105,0.0012226016260683537,99.97,99.97,99.88,8.412381475864095e-07,1.0306833928552805e-06,3.653364956335281e-06,0.01015637993812561,0.0010890396877352188,119.6,100,78000,2025_12_01-21_16_30,no,LSTM,stateless,cuda,StandardScaler
500,21,400,100,0.0001,1,8,1,1,99.97,99.97,99.87,0.00027959534781984985,0.0003569323744159192,0.001252274843864143,99.97,99.97,99.87,8.354838882951299e-07,1.0665814897947712e-06,3.7420340959215537e-06,0.00740043590310961,0.000806132258150047,120.24,100,78000,2025_12_01-21_16_30,no,LSTM,stateless,cuda,StandardScaler
500,26,400,100,0.0001,1,8,1,1,99.97,99.96,99.88,0.00027521527954377234,0.0003700056404341012,0.0011821165680885315,99.97,99.96,99.88,8.223955774155911e-07,1.1056470157200238e-06,3.5323887459526304e-06,0.005377511344850063,0.0005856066298319542,125.2,100,78000,2025_12_01-21_16_30,no,LSTM,stateless,cuda,StandardScaler
500,31,400,100,0.0001,1,8,1,1,99.97,99.96,99.88,0.0002700940822251141,0.0003591718268580735,0.0011859912192448974,99.97,99.96,99.88,8.070922490333032e-07,1.0732734381235787e-06,3.5439666135062e-06,0.003917422164231538,0.00042550667488389473,120.49,100,78000,2025_12_01-21_16_30,no,LSTM,stateless,cuda,StandardScaler
500,36,400,100,0.0001,1,8,1,1,99.97,99.97,99.88,0.00026694979169405997,0.00035413855221122503,0.001193791744299233,99.97,99.97,99.88,7.976964866429626e-07,1.0582332379271975e-06,3.567276507965289e-06,0.0028573394985869525,0.00031206442440143834,119.21,100,78000,2025_12_01-21_16_30,no,LSTM,stateless,cuda,StandardScaler
500,42,400,100,0.0001,1,8,1,1,99.97,99.97,99.88,0.00025603955145925283,0.0003438229323364794,0.001201946521177888,99.97,99.97,99.88,7.65094796406629e-07,1.0274081887473585e-06,3.591643917388865e-06,0.0019687406066805123,0.00021820109697220995,117.07,100,78000,2025_12_01-21_16_30,no,LSTM,stateless,cuda,StandardScaler
500,47,400,100,0.0001,1,8,1,1,99.98,99.97,99.88,0.00024879249394871294,0.00033777355565689504,0.0012158979661762714,99.98,99.97,99.88,7.434391022798081e-07,1.009331413115433e-06,3.6333333355287323e-06,0.0014575161878019572,0.0001632922571079489,114.36,100,78000,2025_12_01-21_16_30,no,LSTM,stateless,cuda,StandardScaler
500,52,400,100,0.0001,1,8,1,1,99.98,99.97,99.87,0.00024123716866597533,0.0003317253722343594,0.0012278100475668907,99.98,99.97,99.87,7.208623173937667e-07,9.912581617754768e-07,3.668929593914072e-06,0.0010846099007176236,0.0001224754956717276,120.72,100,78000,2025_12_01-21_16_30,no,LSTM,stateless,cuda,StandardScaler
500,57,400,100,0.0001,1,8,1,1,99.98,99.97,99.87,0.00023578610853292048,0.0003280795644968748,0.0012392145581543446,99.98,99.97,99.87,7.045736083455267e-07,9.803638931771275e-07,3.703008133015828e-06,0.0008104016323341056,9.18595859815754e-05,123.33,100,78000,2025_12_01-21_16_30,no,LSTM,stateless,cuda,StandardScaler
500,63,400,100,0.0001,1,8,1,1,99.98,99.97,99.87,0.00023466575657948852,0.0003257906064391136,0.0012519421288743615,99.98,99.97,99.87,7.012256446614629e-07,9.735242656461196e-07,3.741040018212516e-06,0.000573685500130523,6.471122449139402e-05,115.76,100,78000,2025_12_01-21_16_30,no,LSTM,stateless,cuda,StandardScaler
500,68,400,100,0.0001,1,8,1,1,99.98,99.97,99.87,0.00023396704636979848,0.00033600605092942715,0.0012718250509351492,99.98,99.97,99.87,6.991377290432865e-07,1.0040496363217244e-06,3.8004548059689114e-06,0.00043559048790484665,4.902756787198091e-05,118.65,100,78000,2025_12_01-21_16_30,no,LSTM,stateless,cuda,StandardScaler
500,73,400,100,0.0001,1,8,1,1,99.98,99.97,99.87,0.00023319548927247524,0.00033998838625848293,0.0012827226892113686,99.98,99.97,99.87,6.96832216817711e-07,1.0159496923733968e-06,3.833018581644865e-06,0.00033207212953129784,3.8752049765400064e-05,121.12,100,78000,2025_12_01-21_16_30,no,LSTM,stateless,cuda,StandardScaler
500,78,400,100,0.0001,1,8,1,1,99.98,99.97,99.87,0.00023336328740697354,0.00034130903077311814,0.0012897002743557096,99.98,99.97,99.87,6.973337463023199e-07,1.0198961035712273e-06,3.85386920243036e-06,0.00025612465717131275,2.9940942773443523e-05,127.61,100,78000,2025_12_01-21_16_30,no,LSTM,stateless,cuda,StandardScaler
500,83,400,100,0.0001,1,8,1,1,99.98,99.97,99.87,0.00022956931206863374,0.000338215526426211,0.001291497959755361,99.98,99.97,99.87,6.859965537842072e-07,1.0106518857355695e-06,3.859241132886382e-06,0.000200050811690744,2.205902299873911e-05,121.28,100,78000,2025_12_01-21_16_30,no,LSTM,stateless,cuda,StandardScaler
500,89,400,100,0.0001,1,8,1,1,99.98,99.97,99.87,0.00021359458332881331,0.00031728693284094334,0.0012677547056227922,99.98,99.97,99.87,6.382610422406287e-07,9.481132678956783e-07,3.7882923606957775e-06,0.00015160907154495361,1.6212376471241724e-05,124.5,100,78000,2025_12_01-21_16_30,no,LSTM,stateless,cuda,StandardScaler
500,94,400,100,0.0001,1,8,1,1,99.98,99.97,99.88,0.00018594696302898228,0.0002685092040337622,0.0012219642521813512,99.98,99.97,99.88,5.556447035814926e-07,8.023562827474962e-07,3.651460247056093e-06,0.00012416279132594356,1.2637562496747102e-05,122.53,100,78000,2025_12_01-21_16_30,no,LSTM,stateless,cuda,StandardScaler
500,99,400,100,0.0001,1,8,1,1,99.98,99.98,99.88,0.0001506494591012597,0.00019514936138875782,0.0011834879405796528,99.98,99.98,99.88,4.501690682445769e-07,5.831432758895971e-07,3.536486246957793e-06,0.00010509152140002698,1.003874945883864e-05,120.91,100,78000,2025_12_01-21_16_30,no,LSTM,stateless,cuda,StandardScaler
500,110,400,100,0.0001,1,8,1,1,99.99,99.99,99.86,0.00012057745334459469,6.42881786916405e-05,0.0013640341348946095,99.99,99.99,99.86,3.6030823480359686e-07,1.9210526147617202e-07,4.075991910212906e-06,8.152260634233243e-05,7.4738916249687506e-06,115.91,100,78000,2025_12_01-21_16_30,no,LSTM,stateless,cuda,StandardScaler
500,130,400,100,0.0001,1,8,1,1,99.96,99.97,99.72,0.0003737313090823591,0.00034630580921657383,0.0027653889264911413,99.96,99.97,99.72,1.1167796856170753e-06,1.0348273917770712e-06,8.263506060757209e-06,6.285883086093236e-05,4.893100357322283e-06,119.44,100,78000,2025_12_01-21_16_30,no,LSTM,stateless,cuda,StandardScaler
500,151,400,100,0.0001,1,8,1,1,99.9,99.87,99.48,0.0009586685337126255,0.0012826748425140977,0.005186598282307386,99.9,99.87,99.48,2.864683210646035e-06,3.8328753362293355e-06,1.5498539141844958e-05,4.967982225934975e-05,3.5025714671331825e-06,117.5,100,78000,2025_12_01-21_16_30,no,LSTM,stateless,cuda,StandardScaler
500,171,400,100,0.0001,1,8,1,1,99.86,99.8,99.32,0.0013663084246218204,0.002018075669184327,0.006793474778532982,99.86,99.8,99.32,4.082788109371904e-06,6.030392796674278e-06,2.030018913501408e-05,4.2317225234000946e-05,2.888750235268474e-06,121.49,100,78000,2025_12_01-21_16_30,no,LSTM,stateless,cuda,StandardScaler
500,192,400,100,0.0001,1,8,1,1,99.85,99.77,99.25,0.0015324794221669436,0.0023370026610791683,0.007447761483490467,99.85,99.77,99.25,4.579339019983308e-06,6.9834068199270405e-06,2.2255324438447133e-05,3.9030910957080776e-05,2.5763885427940038e-06,120.78,100,78000,2025_12_01-21_16_30,no,LSTM,stateless,cuda,StandardScaler
500,212,400,100,0.0001,1,8,1,1,99.84,99.76,99.23,0.0015761922113597393,0.002421887358650565,0.007627446204423904,99.84,99.76,99.23,4.709960649051936e-06,7.237058071041247e-06,2.27922537305858e-05,3.797415804001503e-05,2.4310992336649407e-06,121.14,100,78000,2025_12_01-21_16_30,no,LSTM,stateless,cuda,StandardScaler
500,233,400,100,0.0001,1,8,1,1,99.84,99.76,99.23,0.001576637732796371,0.0024306036066263914,0.007658701855689287,99.84,99.76,99.23,4.711293058790034e-06,7.263104635057971e-06,2.288564974151086e-05,3.790696184296394e-05,2.430363694230641e-06,119.41,100,78000,2025_12_01-21_16_30,no,LSTM,stateless,cuda,StandardScaler
500,253,400,100,0.0001,1,8,1,1,99.84,99.76,99.23,0.0015702949604019523,0.0024270075373351574,0.007654549553990364,99.84,99.76,99.23,4.692339189205086e-06,7.252358045661822e-06,2.2873236957821064e-05,3.821270798653131e-05,2.743112203008808e-06,116.79,100,78000,2025_12_01-21_16_30,no,LSTM,stateless,cuda,StandardScaler
500,274,400,100,0.0001,1,8,1,1,99.84,99.76,99.23,0.0015581499319523573,0.002415246097370982,0.007646326441317797,99.84,99.76,99.23,4.65604716737289e-06,7.217214260890614e-06,2.284867332491558e-05,3.8878277300682385e-05,3.4179289871417943e-06,126.98,100,78000,2025_12_01-21_16_30,no,LSTM,stateless,cuda,StandardScaler
500,294,400,100,0.0001,1,8,1,1,99.84,99.76,99.23,0.0015536572318524122,0.0024144845083355904,0.007652856409549713,99.84,99.76,99.23,4.64262211608002e-06,7.2149382503994275e-06,2.2868183805258013e-05,3.956242846470559e-05,3.900217340344856e-06,120.44,100,78000,2025_12_01-21_16_30,no,LSTM,stateless,cuda,StandardScaler
500,315,400,100,0.0001,1,8,1,1,99.85,99.77,99.23,0.0015416735550388694,0.0024008583277463913,0.007632950786501169,99.85,99.77,99.23,4.606813035934465e-06,7.174220627348404e-06,2.280870103277266e-05,3.970018558902666e-05,4.158169726304757e-06,124.79,100,78000,2025_12_01-21_16_30,no,LSTM,stateless,cuda,StandardScaler
500,335,400,100,0.0001,1,8,1,1,99.85,99.77,99.23,0.001534234848804772,0.0023915451020002365,0.007627029437571764,99.85,99.77,99.23,4.584584530675784e-06,7.146389634726802e-06,2.279100226587616e-05,4.137922740483191e-05,5.455584722845895e-06,117.9,100,78000,2025_12_01-21_16_30,no,LSTM,stateless,cuda,StandardScaler
500,356,400,100,0.0001,1,8,1,1,99.85,99.77,99.23,0.001532512134872377,0.0023945034481585026,0.00764324888586998,99.85,99.77,99.23,4.579436335916398e-06,7.155229923228035e-06,2.2839472876512446e-05,4.106674728973303e-05,4.066298403084993e-06,118.44,100,78000,2025_12_01-21_16_30,no,LSTM,stateless,cuda,StandardScaler
500,376,400,100,0.0001,1,8,1,1,99.85,99.77,99.23,0.001526350504718721,0.002383642131462693,0.0076410844922065735,99.85,99.77,99.23,4.561024070426356e-06,7.122772785805864e-06,2.2833008188172244e-05,4.2757128067023584e-05,5.139370311321991e-06,120.67,100,78000,2025_12_01-21_16_30,no,LSTM,stateless,cuda,StandardScaler
500,397,400,100,0.0001,1,8,1,1,99.85,99.77,99.23,0.0015200687339529395,0.0023732599802315235,0.00764106772840023,99.85,99.77,99.23,4.542253918771166e-06,7.0917508310230915e-06,2.2832959075458348e-05,4.432605481270002e-05,5.762326342897026e-06,124.8,100,78000,2025_12_01-21_16_30,no,LSTM,stateless,cuda,StandardScaler
500,417,400,100,0.0001,1,8,1,1,99.85,99.77,99.22,0.001519588055089116,0.0023817522451281548,0.007703689392656088,99.85,99.77,99.22,4.540817826637067e-06,7.117127097444609e-06,2.3020082153379917e-05,4.628534170478815e-05,6.981952078204443e-06,120.56,100,78000,2025_12_01-21_16_30,no,LSTM,stateless,cuda,StandardScaler
500,438,400,100,0.0001,1,8,1,1,99.85,99.76,99.21,0.001535684335976839,0.0024183166678994894,0.007823202759027481,99.85,99.76,99.21,4.5889155444456264e-06,7.226386060210643e-06,2.337720616196748e-05,4.835236493818229e-05,7.1827850156980395e-06,118.44,100,78000,2025_12_01-21_16_30,no,LSTM,stateless,cuda,StandardScaler
500,458,400,100,0.0001,1,8,1,1,99.84,99.76,99.18,0.001563150668516755,0.0024907749611884356,0.00808175839483738,99.84,99.76,99.18,4.670990165323019e-06,7.442909463861724e-06,2.4149829187081195e-05,4.997115727746859e-05,8.352561148075905e-06,119.72,100,78000,2025_12_01-21_16_30,no,LSTM,stateless,cuda,StandardScaler
500,479,400,100,0.0001,1,8,1,1,99.83,99.74,99.14,0.0016772764502093196,0.0026937448419630527,0.008493082597851753,99.83,99.74,99.14,5.012019755668007e-06,8.04942101240158e-06,2.537894033594057e-05,5.549012013943866e-05,1.1835203694159971e-05,121.82,100,78000,2025_12_01-21_16_30,no,LSTM,stateless,cuda,StandardScaler
500,499,400,100,0.0001,1,8,1,1,99.82,99.68,99.16,0.0018356930231675506,0.0033365394920110703,0.008306728675961494,99.82,99.68,99.16,5.485399015014991e-06,9.970211976906285e-06,2.4822080376907252e-05,0.00010364501569711138,4.577843298001331e-05,117.53,100,78000,2025_12_01-21_16_30,no,LSTM,stateless,cuda,StandardScaler
1000,0,400,100,0.0001,1,8,1,1,99.97,99.97,99.88,0.0002614588011056185,0.00034404901089146733,0.00117200193926692,99.97,99.97,99.88,7.81288349571696e-07,1.0280833748765872e-06,3.5021639632759616e-06,0.014552591368556023,0.0014406103006253449,198.26,100,76000,2025_12_01-22_37_12,no,LSTM,stateless,cuda,StandardScaler
1000,5,400,100,0.0001,1,8,1,1,99.97,99.97,99.88,0.00025006182841025293,0.0003121033951174468,0.0011709419777616858,99.97,99.97,99.88,7.472319794032956e-07,9.326241183771344e-07,3.498996875350713e-06,0.01040197467431426,0.001040473300937482,197.9,100,76000,2025_12_01-22_37_12,no,LSTM,stateless,cuda,StandardScaler
1000,10,400,100,0.0001,1,8,1,1,99.98,99.97,99.88,0.00023954908829182386,0.000312568066874519,0.0011655422858893871,99.98,99.97,99.88,7.158179755606398e-07,9.340126325696474e-07,3.4828615298465593e-06,0.007460143347270787,0.000755402762750967,199.3,100,76000,2025_12_01-22_37_12,no,LSTM,stateless,cuda,StandardScaler
1000,16,400,100,0.0001,1,8,1,1,99.97,99.97,99.89,0.0002511364873498678,0.00034169777063652873,0.0011227097129449248,99.97,99.97,99.89,7.504436325689312e-07,1.0210577556790668e-06,3.3548694773344323e-06,0.005035152989439667,0.0005115993832782686,201.4,100,76000,2025_12_01-22_37_12,no,LSTM,stateless,cuda,StandardScaler
1000,21,400,100,0.0001,1,8,1,1,99.97,99.97,99.88,0.00025777803966775537,0.0003441947337705642,0.0011462109396234155,99.97,99.97,99.88,7.702896596128994e-07,1.0285192502124119e-06,3.4250958833581535e-06,0.003647311187814921,0.000367774631520215,199.98,100,76000,2025_12_01-22_37_12,no,LSTM,stateless,cuda,StandardScaler
1000,26,400,100,0.0001,1,8,1,1,99.97,99.96,99.88,0.0002722745994105935,0.0003563235222827643,0.001174495555460453,99.97,99.96,99.88,8.136080396070611e-07,1.0647620456438744e-06,3.509615453367587e-06,0.002648939294740558,0.00026631687173161056,198.97,100,76000,2025_12_01-22_37_12,no,LSTM,stateless,cuda,StandardScaler
1000,31,400,100,0.0001,1,8,1,1,99.97,99.97,99.88,0.0002519656263757497,0.0003372076607774943,0.0011754847364500165,99.97,99.97,99.88,7.529208687628852e-07,1.007640321404324e-06,3.5125710837746738e-06,0.0019267604139167815,0.00019333469813100635,198.94,100,76000,2025_12_01-22_37_12,no,LSTM,stateless,cuda,StandardScaler
1000,36,400,100,0.0001,1,8,1,1,99.98,99.97,99.88,0.00022928797989152372,0.0003158738254569471,0.0011754262959584594,99.98,99.97,99.88,6.851559533060936e-07,9.438908818992786e-07,3.512396233418258e-06,0.0014054696110542863,0.0001407990515729572,200.61,100,76000,2025_12_01-22_37_12,no,LSTM,stateless,cuda,StandardScaler
1000,42,400,100,0.0001,1,8,1,1,99.98,99.97,99.88,0.000215514752198942,0.0003024010802619159,0.0011895904317498207,99.98,99.97,99.88,6.439989306272764e-07,9.036317578647868e-07,3.5547207062336383e-06,0.000970144976163283,9.63047482292384e-05,199.23,100,76000,2025_12_01-22_37_12,no,LSTM,stateless,cuda,StandardScaler
1000,47,400,100,0.0001,1,8,1,1,99.98,99.97,99.88,0.00021268711134325713,0.0002971899521071464,0.0012079906882718205,99.98,99.97,99.88,6.355492132570362e-07,8.880599580152193e-07,3.6097046631766716e-06,0.0007172639097552747,7.068339878663485e-05,200.98,100,76000,2025_12_01-22_37_12,no,LSTM,stateless,cuda,StandardScaler
1000,52,400,100,0.0001,1,8,1,1,99.98,99.97,99.87,0.00024510742514394224,0.00031601032242178917,0.0012451625661924481,99.98,99.97,99.87,7.324274520215113e-07,9.442989039598615e-07,3.7207823879725765e-06,0.0005327839273377322,5.2598316217036815e-05,199.33,100,76000,2025_12_01-22_37_12,no,LSTM,stateless,cuda,StandardScaler
1000,57,400,100,0.0001,1,8,1,1,99.98,99.97,99.87,0.00023816103930585086,0.000308587565086782,0.0012534300331026316,99.98,99.97,99.87,7.116702249732043e-07,9.221182040164422e-07,3.7454865378094837e-06,0.0003983468443038873,3.901875875736598e-05,198.95,100,76000,2025_12_01-22_37_12,no,LSTM,stateless,cuda,StandardScaler
1000,63,400,100,0.0001,1,8,1,1,99.98,99.97,99.87,0.00022544799139723182,0.00029904322582297027,0.0012522704200819135,99.98,99.97,99.87,6.736813134011754e-07,8.935978712543147e-07,3.7420215903694043e-06,0.00028476838589995166,2.7742607098590895e-05,201.33,100,76000,2025_12_01-22_37_12,no,LSTM,stateless,cuda,StandardScaler
1000,68,400,100,0.0001,1,8,1,1,99.98,99.97,99.87,0.000245570030529052,0.0003148833638988435,0.0012684703106060624,99.98,99.97,99.87,7.338098271247873e-07,9.409312156094529e-07,3.7904299006186193e-06,0.0002201570986653678,2.117511334007946e-05,200.68,100,76000,2025_12_01-22_37_12,no,LSTM,stateless,cuda,StandardScaler
1000,73,400,100,0.0001,1,8,1,1,99.98,99.97,99.87,0.00022194499615579844,0.0002944354491773993,0.0012505354825407267,99.98,99.97,99.87,6.632137115047954e-07,8.798288035904989e-07,3.7368374705692986e-06,0.00017240269706235268,1.6558984113467305e-05,199.05,100,76000,2025_12_01-22_37_12,no,LSTM,stateless,cuda,StandardScaler
1000,78,400,100,0.0001,1,8,1,1,99.98,99.97,99.88,0.00020134859369136393,0.0002651655813679099,0.001225584070198238,99.98,99.97,99.88,6.016676934450516e-07,7.923648013274942e-07,3.6622773222916294e-06,0.0001362246073404094,1.258433864046689e-05,198.77,100,76000,2025_12_01-22_37_12,no,LSTM,stateless,cuda,StandardScaler
1000,83,400,100,0.0001,1,8,1,1,99.98,99.98,99.88,0.00017953255155589432,0.0002192555257352069,0.0011943428544327617,99.98,99.98,99.88,5.364772164284659e-07,6.551769615725789e-07,3.568923148122849e-06,0.00011076765265897848,9.781057548870151e-06,199.81,100,76000,2025_12_01-22_37_12,no,LSTM,stateless,cuda,StandardScaler
1000,89,400,100,0.0001,1,8,1,1,99.99,99.98,99.88,0.00014758133329451084,0.00015415785310324281,0.0011378671042621136,99.99,99.98,99.88,4.410009921684832e-07,4.606529273587512e-07,3.4001625408563996e-06,9.033714952238369e-05,7.024509417148412e-06,199.31,100,76000,2025_12_01-22_37_12,no,LSTM,stateless,cuda,StandardScaler
1000,94,400,100,0.0001,1,8,1,1,99.99,99.99,99.89,0.00011937861563637853,8.923212590161711e-05,0.0011224672198295593,99.99,99.99,99.89,3.56725848860151e-07,2.6664244501262147e-07,3.3541452921781456e-06,7.927778548037167e-05,5.759574754934804e-06,200.4,100,76000,2025_12_01-22_37_12,no,LSTM,stateless,cuda,StandardScaler
1000,99,400,100,0.0001,1,8,1,1,99.99,100.0,99.88,0.00011324343358865008,5.094665175420232e-05,0.0012085537891834974,99.99,100.0,99.88,3.3839282309600094e-07,1.522382149232726e-07,3.6113881378696533e-06,7.178025742177852e-05,4.9026247490279285e-06,198.15,100,76000,2025_12_01-22_37_12,no,LSTM,stateless,cuda,StandardScaler
1000,110,400,100,0.0001,1,8,1,1,99.98,99.99,99.81,0.00023453896574210376,0.00014734674186911434,0.0019069395493716002,99.98,99.99,99.81,7.008469538050122e-07,4.4029994228367286e-07,5.6982962632901035e-06,6.0951383638894185e-05,3.812922996119774e-06,199.11,100,76000,2025_12_01-22_37_12,no,LSTM,stateless,cuda,StandardScaler
1000,157,400,100,0.0001,1,8,1,1,99.86,99.8,99.32,0.001422160305082798,0.002056803787127137,0.006769040133804083,99.86,99.8,99.32,4.249685389368096e-06,6.146120085759321e-06,2.0227173081366345e-05,3.9303353805735245e-05,2.0563233912316156e-06,199.1,100,76000,2025_12_01-22_37_12,no,LSTM,stateless,cuda,StandardScaler
1000,204,400,100,0.0001,1,8,1,1,99.83,99.75,99.21,0.0016914925072342157,0.002557870466262102,0.0078056021593511105,99.83,99.75,99.21,5.054499069956364e-06,7.643401659152005e-06,2.332461554033216e-05,3.5230939283792394e-05,1.5895042296180314e-06,199.36,100,76000,2025_12_01-22_37_12,no,LSTM,stateless,cuda,StandardScaler
1000,250,400,100,0.0001,1,8,1,1,99.83,99.75,99.21,0.0016992217861115932,0.002576458966359496,0.007854092866182327,99.83,99.75,99.21,5.077596597402589e-06,7.698949048062786e-06,2.346951441722922e-05,3.499688475130824e-05,1.4922447381651657e-06,199.16,100,76000,2025_12_01-22_37_12,no,LSTM,stateless,cuda,StandardScaler
1000,297,400,100,0.0001,1,8,1,1,99.83,99.75,99.21,0.0016920219641178846,0.002568311057984829,0.007855378091335297,99.83,99.75,99.21,5.056082954979502e-06,7.674600965401623e-06,2.3473357941838913e-05,3.520076450513443e-05,1.4722299421539595e-06,199.12,100,76000,2025_12_01-22_37_12,no,LSTM,stateless,cuda,StandardScaler
1000,344,400,100,0.0001,1,8,1,1,99.83,99.75,99.21,0.00168842903804034,0.0025645806454122066,0.007862274535000324,99.83,99.75,99.21,5.045346370025072e-06,7.66345237934729e-06,2.3493967091781087e-05,3.551506702933693e-05,1.736421615615048e-06,198.74,100,76000,2025_12_01-22_37_12,no,LSTM,stateless,cuda,StandardScaler
1000,391,400,100,0.0001,1,8,1,1,99.83,99.75,99.21,0.0016774879768490791,0.002552267163991928,0.007835431024432182,99.83,99.75,99.21,5.012650944991037e-06,7.626657861692365e-06,2.3413753297063522e-05,3.553163336619036e-05,1.3951281369842525e-06,197.87,100,76000,2025_12_01-22_37_12,no,LSTM,stateless,cuda,StandardScaler
1000,438,400,100,0.0001,1,8,1,1,99.83,99.75,99.21,0.0016667774179950356,0.002540563466027379,0.007816346362233162,99.83,99.75,99.21,4.98064673593035e-06,7.591685061925091e-06,2.335672252229415e-05,3.562436046195217e-05,1.5070821160606832e-06,198.66,100,76000,2025_12_01-22_37_12,no,LSTM,stateless,cuda,StandardScaler
1000,484,400,100,0.0001,1,8,1,1,99.83,99.75,99.22,0.0016525564715266228,0.002521913032978773,0.0077830031514167786,99.83,99.75,99.22,4.9381510507373605e-06,7.535954409831902e-06,2.3257081920746714e-05,3.59619968367042e-05,1.699426444767971e-06,197.31,100,76000,2025_12_01-22_37_12,no,LSTM,stateless,cuda,StandardScaler
1000,531,400,100,0.0001,1,8,1,1,99.84,99.75,99.21,0.001647024299018085,0.0025185742415487766,0.0077969469130039215,99.84,99.75,99.21,4.921620075037936e-06,7.525977707700804e-06,2.329875496798195e-05,3.628335765824886e-05,1.670526689007098e-06,197.11,100,76000,2025_12_01-22_37_12,no,LSTM,stateless,cuda,StandardScaler
1000,578,400,100,0.0001,1,8,1,1,99.84,99.76,99.22,0.0016250102780759335,0.002490455284714699,0.007762880064547062,99.84,99.76,99.22,4.855838596995454e-06,7.441951311193407e-06,2.3196958863991313e-05,3.707562558702193e-05,2.4014172069653354e-06,197.16,100,76000,2025_12_01-22_37_12,no,LSTM,stateless,cuda,StandardScaler
1000,625,400,100,0.0001,1,8,1,1,99.84,99.76,99.22,0.0016049012774601579,0.0024653044529259205,0.007740996778011322,99.84,99.76,99.22,4.7957496462913696e-06,7.3667956712597515e-06,2.313156619493384e-05,3.87993301046663e-05,4.718311544043437e-06,197.43,100,76000,2025_12_01-22_37_12,no,LSTM,stateless,cuda,StandardScaler
1000,671,400,100,0.0001,1,8,1,1,99.84,99.76,99.22,0.0015858964761719108,0.0024414286017417908,0.007704194635152817,99.84,99.76,99.22,4.738958978123264e-06,7.295451268873876e-06,2.3021590095595457e-05,4.024222169391578e-05,5.999589010862543e-06,198.0,100,76000,2025_12_01-22_37_12,no,LSTM,stateless,cuda,StandardScaler
1000,718,400,100,0.0001,1,8,1,1,99.84,99.76,99.23,0.001564220292493701,0.002414555521681905,0.007665449753403664,99.84,99.76,99.23,4.674187039199751e-06,7.21514970791759e-06,2.2905813239049166e-05,4.022705939860316e-05,6.34505030927091e-06,199.11,100,76000,2025_12_01-22_37_12,no,LSTM,stateless,cuda,StandardScaler
1000,765,400,100,0.0001,1,8,1,1,99.85,99.77,99.23,0.0015411922940984368,0.002386717591434717,0.007625070866197348,99.85,99.77,99.23,4.605374670063611e-06,7.1319641392619815e-06,2.2785157852922566e-05,4.151272183662513e-05,5.183256055902436e-06,197.36,100,76000,2025_12_01-22_37_12,no,LSTM,stateless,cuda,StandardScaler
1000,812,400,100,0.0001,1,8,1,1,99.85,99.77,99.23,0.0015289561124518514,0.002379536395892501,0.007653732318431139,99.85,99.77,99.23,4.568810254568234e-06,7.110505521268351e-06,2.2870804968988523e-05,4.0917071492003745e-05,4.189209430607403e-06,196.48,100,76000,2025_12_01-22_37_12,no,LSTM,stateless,cuda,StandardScaler
1000,859,400,100,0.0001,1,8,1,1,99.85,99.77,99.22,0.0015191974816843867,0.002377590863034129,0.007680908311158419,99.85,99.77,99.22,4.539650490187341e-06,7.104692485881969e-06,2.295200465596281e-05,4.094902727956651e-05,4.248213472641888e-06,195.54,100,76000,2025_12_01-22_37_12,no,LSTM,stateless,cuda,StandardScaler
1000,905,400,100,0.0001,1,8,1,1,99.85,99.77,99.21,0.001514324452728033,0.002400217344984412,0.007802165113389492,99.85,99.77,99.21,4.525088570517255e-06,7.172303867264418e-06,2.331435098312795e-05,4.298804717109306e-05,4.721988177039962e-06,198.03,100,76000,2025_12_01-22_37_12,no,LSTM,stateless,cuda,StandardScaler
1000,952,400,100,0.0001,1,8,1,1,99.85,99.76,99.19,0.0015506520867347717,0.00248180003836751,0.008068148046731949,99.85,99.76,99.19,4.633642220142065e-06,7.416088919853792e-06,2.41091511270497e-05,4.920463907183148e-05,7.949855168434402e-06,197.31,100,76000,2025_12_01-22_37_12,no,LSTM,stateless,cuda,StandardScaler
1000,999,400,100,0.0001,1,8,1,1,99.82,99.68,99.21,0.001799499150365591,0.0032560196705162525,0.007883642800152302,99.82,99.68,99.21,5.37724463356426e-06,9.729603334562853e-06,2.3557817257824354e-05,0.0001061357548678643,4.4588650069597396e-05,195.46,100,76000,2025_12_01-22_37_12,no,LSTM,stateless,cuda,StandardScaler
20000,0,79600,1,0.0001,1,8,1,1,100.0,99.97,99.75,3.0192324629751965e-05,0.00026950612664222717,0.002514700870960951,100.0,99.97,99.75,9.022036095984731e-08,8.053352189563157e-07,7.514403023378691e-06,3.0434751042776043e-05,6.195025707479175e-07,881.5,100,79600,2025_12_02-00_58_11,no,LSTM,BPTT,cuda,StandardScaler
100,0,400,100,0.0001,1,8,1,1,99.94,99.94,99.77,0.0005902467528358102,0.0005668863304890692,0.002218493726104498,99.94,99.94,99.77,1.7637688642935245e-06,1.693963668003562e-06,6.629280051129172e-06,0.0004530501914996421,0.0004405930021152334,98.58,100,79600,2025_12_04-06_47_22,no,LSTM,stateful,cuda,StandardScaler
200,0,400,100,0.0001,1,8,1,1,99.95,99.94,99.77,0.0004823306226171553,0.0006354578654281795,0.0022121176589280367,99.95,99.94,99.77,1.4412951259146212e-06,1.8988683905263315e-06,6.61022659187438e-06,0.0002790040462423349,0.00019185074160961617,107.41,100,79200,2025_12_04-06_49_01,no,LSTM,stateful,cuda,StandardScaler
500,0,400,100,0.0001,1,8,1,1,99.95,99.93,99.81,0.0005080268019810319,0.0007481879438273609,0.0018499845173209906,99.95,99.93,99.81,1.5180803529801778e-06,2.235726924482151e-06,5.528103429242037e-06,0.00016958259322564118,7.262524736888285e-05,128.33,100,78000,2025_12_04-06_50_49,no,LSTM,stateful,cuda,StandardScaler
1000,0,400,100,0.0001,1,8,1,1,99.97,99.95,99.85,0.00032457627821713686,0.000501807255204767,0.0014595557004213333,99.97,99.95,99.85,9.698954954728833e-07,1.4994951698099612e-06,4.3614290916593745e-06,8.623736128356541e-05,2.6834377854081595e-05,200.68,100,76000,2025_12_04-06_52_58,no,LSTM,stateful,cuda,StandardScaler
